Workbook

Sheet multiple health
A1: multiple_mental_complaints | B1: (Multiple Items)
A3: Count of seqno_int | C3: multiple_health_complaints
A4: age_recoded | B4: sex_recoded | C4: 0 | D4: 1 | E4: Grand Total
A5: 11 | B5: female | C5: 1151 | D5: 532 | E5: 1683 | G5: =D5/E5 -> 0.3161022
B6: male | C6: 1297 | D6: 371 | E6: 1668 | G6: =D6/E6 -> 0.22242206
A7: 11 Total | C7: 2448 | D7: 903 | E7: 3351 | G7: =D7/E7 -> 0.2694718
A8: 13 | B8: female | C8: 1392 | D8: 1026 | E8: 2418 | G8: =D8/E8 -> 0.42431762
B9: male | C9: 1691 | D9: 543 | E9: 2234 | G9: =D9/E9 -> 0.24306177
A10: 13 Total | C10: 3083 | D10: 1569 | E10: 4652 | G10: =D10/E10 -> 0.33727429
A11: 15 | B11: female | C11: 958 | D11: 1193 | E11: 2151 | G11: =D11/E11 -> 0.55462576
B12: male | C12: 1434 | D12: 568 | E12: 2002 | G12: =D12/E12 -> 0.28371628
A13: 15 Total | C13: 2392 | D13: 1761 | E13: 4153 | G13: =D13/E13 -> 0.42403082
A14: Grand Total | C14: 7923 | D14: 4233 | E14: 12156 | G14: =D14/E14 -> 0.3482231

Sheet mental
A1: multiple_health_complaints | B1: (Multiple Items)
A3: Count of seqno_int | C3: multiple_mental_complaints
A4: age_recoded | B4: sex_recoded | C4: 0 | D4: 1 | E4: Grand Total | G4: mental | H4: multi
A5: 11 | B5: female | C5: 1299 | D5: 384 | E5: 1683 | G5: =D5/E5 -> 0.22816399 | H5: ='multiple health'!G5 -> 0.3161022 | I5: =G5-H5 -> -0.087938206
B6: male | C6: 1420 | D6: 248 | E6: 1668 | G6: =D6/E6 -> 0.14868106 | H6: ='multiple health'!G6 -> 0.22242206 | I6: =G6-H6 -> -0.073741007
A7: 11 Total | C7: 2719 | D7: 632 | E7: 3351 | G7: =D7/E7 -> 0.18860042 | H7: ='multiple health'!G7 -> 0.2694718 | I7: =G7-H7 -> -0.080871382
A8: 13 | B8: female | C8: 1618 | D8: 800 | E8: 2418 | G8: =D8/E8 -> 0.33085194 | H8: ='multiple health'!G8 -> 0.42431762 | I8: =G8-H8 -> -0.093465674
B9: male | C9: 1843 | D9: 391 | E9: 2234 | G9: =D9/E9 -> 0.17502238 | H9: ='multiple health'!G9 -> 0.24306177 | I9: =G9-H9 -> -0.068039391
A10: 13 Total | C10: 3461 | D10: 1191 | E10: 4652 | G10: =D10/E10 -> 0.25601892 | H10: ='multiple health'!G10 -> 0.33727429 | I10: =G10-H10 -> -0.081255374
A11: 15 | B11: female | C11: 1226 | D11: 925 | E11: 2151 | G11: =D11/E11 -> 0.43003254 | H11: ='multiple health'!G11 -> 0.55462576 | I11: =G11-H11 -> -0.12459321
B12: male | C12: 1601 | D12: 401 | E12: 2002 | G12: =D12/E12 -> 0.2002997 | H12: ='multiple health'!G12 -> 0.28371628 | I12: =G12-H12 -> -0.083416583
A13: 15 Total | C13: 2827 | D13: 1326 | E13: 4153 | G13: =D13/E13 -> 0.31928726 | H13: ='multiple health'!G13 -> 0.42403082 | I13: =G13-H13 -> -0.10474356
A14: Grand Total | C14: 9007 | D14: 3149 | E14: 12156 | G14: =D14/E14 -> 0.25904903 | H14: ='multiple health'!G14 -> 0.3482231 | I14: =G14-H14 -> -0.08917407

Sheet canada
A1: seqno_int | B1: agecat | C1: sex | D1: lifesat | E1: headache | F1: stomachache | G1: backache | H1: dizzy | I1: feellow | J1: irritable | K1: nervous | L1: sleepdificulty | M1: lifesat_low | N1: headache_frequent | O1: stomachache_frequent | P1: backache_frequent | Q1: dizzy_frequent | R1: feellow_frequent | S1: irritable_frequent | T1: nervous_frequent | U1: sleepdificulty_frequent | V1: mental_complaints_sum | W1: physical_complaints_sum | X1: multiple_mental_complaints | Y1: multiple_health_complaints | Z1: age_recoded | AA1: sex_recoded
A2: 800002 | B2: NA | C2: 1 | D2: 9 | E2: 5 | F2: 5 | G2: 5 | H2: 5 | I2: 5 | J2: 5 | K2: 5 | L2: 5 | M2: 0 | N2: 0 | O2: 0 | P2: 0 | Q2: 0 | R2: 0 | S2: 0 | T2: 0 | U2: 0 | V2: 0 | W2: 0 | X2: 0 | Y2: 0 | Z2: NA | AA2: male
A3: 800008 | B3: NA | C3: 1 | D3: 6 | E3: NA | F3: NA | G3: NA | H3: 3 | I3: NA | J3: NA | K3: NA | L3: NA | M3: 0 | N3: NA | O3: NA | P3: NA | Q3: 0 | R3: NA | S3: NA | T3: NA | U3: NA | V3: NA | W3: NA | X3: NA | Y3: NA | Z3: NA | AA3: male
A4: 800015 | B4: NA | C4: 1 | D4: 8 | E4: 5 | F4: 4 | G4: 4 | H4: 5 | I4: 5 | J4: 3 | K4: 4 | L4: 2 | M4: 0 | N4: 0 | O4: 0 | P4: 0 | Q4: 0 | R4: 0 | S4: 0 | T4: 0 | U4: 1 | V4: 1 | W4: 0 | X4: 0 | Y4: 0 | Z4: NA | AA4: male
A5: 800020 | B5: NA | C5: 1 | D5: 7 | E5: 4 | F5: 4 | G5: 5 | H5: 5 | I5: 5 | J5: 4 | K5: 4 | L5: 5 | M5: 0 | N5: 0 | O5: 0 | P5: 0 | Q5: 0 | R5: 0 | S5: 0 | T5: 0 | U5: 0 | V5: 0 | W5: 0 | X5: 0 | Y5: 0 | Z5: NA | AA5: male
A6: 800024 | B6: NA | C6: 1 | D6: 8 | E6: 2 | F6: 4 | G6: 4 | H6: 5 | I6: 5 | J6: 4 | K6: 3 | L6: 2 | M6: 0 | N6: 1 | O6: 0 | P6: 0 | Q6: 0 | R6: 0 | S6: 0 | T6: 0 | U6: 1 | V6: 1 | W6: 1 | X6: 0 | Y6: 1 | Z6: NA | AA6: male
A7: 800026 | B7: NA | C7: 1 | D7: 5 | E7: 4 | F7: 4 | G7: 4 | H7: 5 | I7: 5 | J7: 5 | K7: 5 | L7: 5 | M7: 1 | N7: 0 | O7: 0 | P7: 0 | Q7: 0 | R7: 0 | S7: 0 | T7: 0 | U7: 0 | V7: 0 | W7: 0 | X7: 0 | Y7: 0 | Z7: NA | AA7: male
A8: 800032 | B8: NA | C8: 1 | D8: 9 | E8: 5 | F8: 4 | G8: 5 | H8: 5 | I8: 5 | J8: 5 | K8: 3 | L8: 5 | M8: 0 | N8: 0 | O8: 0 | P8: 0 | Q8: 0 | R8: 0 | S8: 0 | T8: 0 | U8: 0 | V8: 0 | W8: 0 | X8: 0 | Y8: 0 | Z8: NA | AA8: male
A9: 800038 | B9: NA | C9: 1 | D9: 6 | E9: 5 | F9: 4 | G9: 5 | H9: 4 | I9: 5 | J9: 5 | K9: 3 | L9: 5 | M9: 0 | N9: 0 | O9: 0 | P9: 0 | Q9: 0 | R9: 0 | S9: 0 | T9: 0 | U9: 0 | V9: 0 | W9: 0 | X9: 0 | Y9: 0 | Z9: NA | AA9: male
A10: 800043 | B10: NA | C10: 1 | D10: 8 | E10: 5 | F10: 5 | G10: 5 | H10: 5 | I10: 5 | J10: 2 | K10: 4 | L10: 5 | M10: 0 | N10: 0 | O10: 0 | P10: 0 | Q10: 0 | R10: 0 | S10: 1 | T10: 0 | U10: 0 | V10: 1 | W10: 0 | X10: 0 | Y10: 0 | Z10: NA | AA10: male
A11: 800044 | B11: NA | C11: 1 | D11: 9 | E11: NA | F11: NA | G11: NA | H11: NA | I11: NA | J11: NA | K11: NA | L11: NA | M11: 0 | N11: NA | O11: NA | P11: NA | Q11: NA | R11: NA | S11: NA | T11: NA | U11: NA | V11: NA | W11: NA | X11: NA | Y11: NA | Z11: NA | AA11: male
A12: 800045 | B12: NA | C12: 1 | D12: NA | E12: 5 | F12: 5 | G12: 5 | H12: 5 | I12: 5 | J12: 5 | K12: 5 | L12: 5 | M12: NA | N12: 0 | O12: 0 | P12: 0 | Q12: 0 | R12: 0 | S12: 0 | T12: 0 | U12: 0 | V12: 0 | W12: 0 | X12: 0 | Y12: 0 | Z12: NA | AA12: male
A13: 800047 | B13: NA | C13: 1 | D13: 7 | E13: 5 | F13: 5 | G13: 5 | H13: 5 | I13: 5 | J13: 3 | K13: 5 | L13: 5 | M13: 0 | N13: 0 | O13: 0 | P13: 0 | Q13: 0 | R13: 0 | S13: 0 | T13: 0 | U13: 0 | V13: 0 | W13: 0 | X13: 0 | Y13: 0 | Z13: NA | AA13: male
A14: 800050 | B14: NA | C14: 1 | D14: 5 | E14: 3 | F14: 5 | G14: 5 | H14: 5 | I14: 1 | J14: 1 | K14: 2 | L14: 2 | M14: 1 | N14: 0 | O14: 0 | P14: 0 | Q14: 0 | R14: 1 | S14: 1 | T14: 1 | U14: 1 | V14: 4 | W14: 0 | X14: 1 | Y14: 1 | Z14: NA | AA14: male
A15: 800052 | B15: NA | C15: 1 | D15: 9 | E15: 4 | F15: 5 | G15: 5 | H15: 5 | I15: 5 | J15: 5 | K15: 3 | L15: 5 | M15: 0 | N15: 0 | O15: 0 | P15: 0 | Q15: 0 | R15: 0 | S15: 0 | T15: 0 | U15: 0 | V15: 0 | W15: 0 | X15: 0 | Y15: 0 | Z15: NA | AA15: male
A16: 800053 | B16: NA | C16: 1 | D16: 9 | E16: 5 | F16: 4 | G16: 3 | H16: 4 | I16: 2 | J16: 4 | K16: 3 | L16: 4 | M16: 0 | N16: 0 | O16: 0 | P16: 0 | Q16: 0 | R16: 1 | S16: 0 | T16: 0 | U16: 0 | V16: 1 | W16: 0 | X16: 0 | Y16: 0 | Z16: NA | AA16: male
A17: 800071 | B17: NA | C17: 1 | D17: 5 | E17: 5 | F17: NA | G17: 5 | H17: 5 | I17: NA | J17: NA | K17: 4 | L17: 5 | M17: 1 | N17: 0 | O17: NA | P17: 0 | Q17: 0 | R17: NA | S17: NA | T17: 0 | U17: 0 | V17: NA | W17: NA | X17: NA | Y17: NA | Z17: NA | AA17: male
A18: 800078 | B18: NA | C18: 1 | D18: 5 | E18: 2 | F18: 2 | G18: 2 | H18: 2 | I18: 2 | J18: 2 | K18: 2 | L18: 2 | M18: 1 | N18: 1 | O18: 1 | P18: 1 | Q18: 1 | R18: 1 | S18: 1 | T18: 1 | U18: 1 | V18: 4 | W18: 4 | X18: 1 | Y18: 1 | Z18: NA | AA18: male
A19: 800081 | B19: NA | C19: 1 | D19: 7 | E19: 3 | F19: 5 | G19: 4 | H19: 5 | I19: 4 | J19: 5 | K19: 5 | L19: 5 | M19: 0 | N19: 0 | O19: 0 | P19: 0 | Q19: 0 | R19: 0 | S19: 0 | T19: 0 | U19: 0 | V19: 0 | W19: 0 | X19: 0 | Y19: 0 | Z19: NA | AA19: male
A20: 800082 | B20: NA | C20: 1 | D20: 8 | E20: 4 | F20: 5 | G20: 5 | H20: 5 | I20: 5 | J20: 5 | K20: 4 | L20: 5 | M20: 0 | N20: 0 | O20: 0 | P20: 0 | Q20: 0 | R20: 0 | S20: 0 | T20: 0 | U20: 0 | V20: 0 | W20: 0 | X20: 0 | Y20: 0 | Z20: NA | AA20: male
A21: 800085 | B21: NA | C21: 1 | D21: 7 | E21: 5 | F21: 5 | G21: 5 | H21: 5 | I21: 5 | J21: 5 | K21: 5 | L21: 5 | M21: 0 | N21: 0 | O21: 0 | P21: 0 | Q21: 0 | R21: 0 | S21: 0 | T21: 0 | U21: 0 | V21: 0 | W21: 0 | X21: 0 | Y21: 0 | Z21: NA | AA21: male
A22: 800087 | B22: NA | C22: 1 | D22: 10 | E22: 5 | F22: 4 | G22: 5 | H22: 5 | I22: 5 | J22: 5 | K22: 5 | L22: 5 | M22: 0 | N22: 0 | O22: 0 | P22: 0 | Q22: 0 | R22: 0 | S22: 0 | T22: 0 | U22: 0 | V22: 0 | W22: 0 | X22: 0 | Y22: 0 | Z22: NA | AA22: male
A23: 800090 | B23: NA | C23: 1 | D23: 7 | E23: 4 | F23: 3 | G23: 3 | H23: 3 | I23: 3 | J23: 3 | K23: 4 | L23: 3 | M23: 0 | N23: 0 | O23: 0 | P23: 0 | Q23: 0 | R23: 0 | S23: 0 | T23: 0 | U23: 0 | V23: 0 | W23: 0 | X23: 0 | Y23: 0 | Z23: NA | AA23: male
A24: 800091 | B24: NA | C24: 1 | D24: 8 | E24: 5 | F24: 5 | G24: 5 | H24: 5 | I24: 5 | J24: 5 | K24: 5 | L24: 5 | M24: 0 | N24: 0 | O24: 0 | P24: 0 | Q24: 0 | R24: 0 | S24: 0 | T24: 0 | U24: 0 | V24: 0 | W24: 0 | X24: 0 | Y24: 0 | Z24: NA | AA24: male
A25: 800092 | B25: NA | C25: 1 | D25: NA | E25: 5 | F25: 5 | G25: 4 | H25: 4 | I25: 3 | J25: 2 | K25: 5 | L25: 5 | M25: NA | N25: 0 | O25: 0 | P25: 0 | Q25: 0 | R25: 0 | S25: 1 | T25: 0 | U25: 0 | V25: 1 | W25: 0 | X25: 0 | Y25: 0 | Z25: NA | AA25: male
A26: 800094 | B26: NA | C26: 1 | D26: NA | E26: 1 | F26: 5 | G26: 1 | H26: 1 | I26: 5 | J26: 5 | K26: 5 | L26: 1 | M26: NA | N26: 1 | O26: 0 | P26: 1 | Q26: 1 | R26: 0 | S26: 0 | T26: 0 | U26: 1 | V26: 1 | W26: 3 | X26: 0 | Y26: 1 | Z26: NA | AA26: male
A27: 800100 | B27: NA | C27: 1 | D27: 7 | E27: 2 | F27: 3 | G27: 1 | H27: 4 | I27: 5 | J27: 5 | K27: 3 | L27: 4 | M27: 0 | N27: 1 | O27: 0 | P27: 1 | Q27: 0 | R27: 0 | S27: 0 | T27: 0 | U27: 0 | V27: 0 | W27: 2 | X27: 0 | Y27: 1 | Z27: NA | AA27: male
A28: 800103 | B28: NA | C28: 1 | D28: 1 | E28: 3 | F28: 3 | G28: 3 | H28: 3 | I28: 4 | J28: 3 | K28: 2 | L28: 2 | M28: 1 | N28: 0 | O28: 0 | P28: 0 | Q28: 0 | R28: 0 | S28: 0 | T28: 1 | U28: 1 | V28: 2 | W28: 0 | X28: 1 | Y28: 1 | Z28: NA | AA28: male
A29: 800105 | B29: NA | C29: 1 | D29: 8 | E29: 5 | F29: 5 | G29: 4 | H29: 5 | I29: 5 | J29: 4 | K29: 4 | L29: 3 | M29: 0 | N29: 0 | O29: 0 | P29: 0 | Q29: 0 | R29: 0 | S29: 0 | T29: 0 | U29: 0 | V29: 0 | W29: 0 | X29: 0 | Y29: 0 | Z29: NA | AA29: male
A30: 800106 | B30: NA | C30: 1 | D30: 4 | E30: 5 | F30: 4 | G30: 5 | H30: 5 | I30: 3 | J30: 1 | K30: 2 | L30: 2 | M30: 1 | N30: 0 | O30: 0 | P30: 0 | Q30: 0 | R30: 0 | S30: 1 | T30: 1 | U30: 1 | V30: 3 | W30: 0 | X30: 1 | Y30: 1 | Z30: NA | AA30: male
A31: 800112 | B31: NA | C31: 1 | D31: NA | E31: NA | F31: NA | G31: NA | H31: NA | I31: NA | J31: NA | K31: NA | L31: NA | M31: NA | N31: NA | O31: NA | P31: NA | Q31: NA | R31: NA | S31: NA | T31: NA | U31: NA | V31: NA | W31: NA | X31: NA | Y31: NA | Z31: NA | AA31: male
A32: 800113 | B32: NA | C32: 1 | D32: 9 | E32: 4 | F32: 5 | G32: 5 | H32: 5 | I32: 5 | J32: 4 | K32: 3 | L32: 5 | M32: 0 | N32: 0 | O32: 0 | P32: 0 | Q32: 0 | R32: 0 | S32: 0 | T32: 0 | U32: 0 | V32: 0 | W32: 0 | X32: 0 | Y32: 0 | Z32: NA | AA32: male
A33: 800114 | B33: NA | C33: 1 | D33: 7 | E33: 4 | F33: 4 | G33: 5 | H33: 5 | I33: 5 | J33: 3 | K33: 5 | L33: 4 | M33: 0 | N33: 0 | O33: 0 | P33: 0 | Q33: 0 | R33: 0 | S33: 0 | T33: 0 | U33: 0 | V33: 0 | W33: 0 | X33: 0 | Y33: 0 | Z33: NA | AA33: male
A34: 800117 | B34: NA | C34: 1 | D34: 9 | E34: 4 | F34: 3 | G34: 5 | H34: 5 | I34: 4 | J34: 5 | K34: 3 | L34: 5 | M34: 0 | N34: 0 | O34: 0 | P34: 0 | Q34: 0 | R34: 0 | S34: 0 | T34: 0 | U34: 0 | V34: 0 | W34: 0 | X34: 0 | Y34: 0 | Z34: NA | AA34: male
A35: 800118 | B35: NA | C35: 1 | D35: 5 | E35: 5 | F35: 3 | G35: 4 | H35: 5 | I35: 2 | J35: 2 | K35: 5 | L35: 3 | M35: 1 | N35: 0 | O35: 0 | P35: 0 | Q35: 0 | R35: 1 | S35: 1 | T35: 0 | U35: 0 | V35: 2 | W35: 0 | X35: 1 | Y35: 1 | Z35: NA | AA35: male
A36: 800121 | B36: NA | C36: 1 | D36: 9 | E36: 5 | F36: 4 | G36: 5 | H36: 5 | I36: 5 | J36: 2 | K36: 4 | L36: 4 | M36: 0 | N36: 0 | O36: 0 | P36: 0 | Q36: 0 | R36: 0 | S36: 1 | T36: 0 | U36: 0 | V36: 1 | W36: 0 | X36: 0 | Y36: 0 | Z36: NA | AA36: male
A37: 800122 | B37: NA | C37: 1 | D37: 8 | E37: 5 | F37: 5 | G37: 5 | H37: 5 | I37: 5 | J37: 5 | K37: 5 | L37: 5 | M37: 0 | N37: 0 | O37: 0 | P37: 0 | Q37: 0 | R37: 0 | S37: 0 | T37: 0 | U37: 0 | V37: 0 | W37: 0 | X37: 0 | Y37: 0 | Z37: NA | AA37: male
A38: 800124 | B38: NA | C38: 1 | D38: 6 | E38: 5 | F38: 5 | G38: 5 | H38: 5 | I38: 5 | J38: 5 | K38: 5 | L38: 5 | M38: 0 | N38: 0 | O38: 0 | P38: 0 | Q38: 0 | R38: 0 | S38: 0 | T38: 0 | U38: 0 | V38: 0 | W38: 0 | X38: 0 | Y38: 0 | Z38: NA | AA38: male
A39: 800125 | B39: NA | C39: 1 | D39: 9 | E39: NA | F39: NA | G39: NA | H39: NA | I39: NA | J39: NA | K39: NA | L39: NA | M39: 0 | N39: NA | O39: NA | P39: NA | Q39: NA | R39: NA | S39: NA | T39: NA | U39: NA | V39: NA | W39: NA | X39: NA | Y39: NA | Z39: NA | AA39: male
A40: 800127 | B40: NA | C40: 1 | D40: 7 | E40: 5 | F40: 5 | G40: 5 | H40: 5 | I40: 3 | J40: 4 | K40: 4 | L40: 4 | M40: 0 | N40: 0 | O40: 0 | P40: 0 | Q40: 0 | R40: 0 | S40: 0 | T40: 0 | U40: 0 | V40: 0 | W40: 0 | X40: 0 | Y40: 0 | Z40: NA | AA40: male
A41: 800128 | B41: NA | C41: 1 | D41: 6 | E41: 5 | F41: 5 | G41: 5 | H41: 5 | I41: 3 | J41: 4 | K41: 3 | L41: 2 | M41: 0 | N41: 0 | O41: 0 | P41: 0 | Q41: 0 | R41: 0 | S41: 0 | T41: 0 | U41: 1 | V41: 1 | W41: 0 | X41: 0 | Y41: 0 | Z41: NA | AA41: male
A42: 800134 | B42: NA | C42: 1 | D42: 9 | E42: 5 | F42: 5 | G42: 5 | H42: 5 | I42: 5 | J42: 5 | K42: 5 | L42: 5 | M42: 0 | N42: 0 | O42: 0 | P42: 0 | Q42: 0 | R42: 0 | S42: 0 | T42: 0 | U42: 0 | V42: 0 | W42: 0 | X42: 0 | Y42: 0 | Z42: NA | AA42: male
A43: 800138 | B43: NA | C43: 1 | D43: 9 | E43: 5 | F43: 5 | G43: 5 | H43: 5 | I43: 5 | J43: 5 | K43: 5 | L43: 5 | M43: 0 | N43: 0 | O43: 0 | P43: 0 | Q43: 0 | R43: 0 | S43: 0 | T43: 0 | U43: 0 | V43: 0 | W43: 0 | X43: 0 | Y43: 0 | Z43: NA | AA43: male
A44: 800141 | B44: NA | C44: 1 | D44: 8 | E44: 5 | F44: 5 | G44: 4 | H44: 5 | I44: 5 | J44: 4 | K44: 3 | L44: 4 | M44: 0 | N44: 0 | O44: 0 | P44: 0 | Q44: 0 | R44: 0 | S44: 0 | T44: 0 | U44: 0 | V44: 0 | W44: 0 | X44: 0 | Y44: 0 | Z44: NA | AA44: male
A45: 800152 | B45: NA | C45: 1 | D45: 8 | E45: 4 | F45: 3 | G45: 2 | H45: 2 | I45: 5 | J45: 4 | K45: 4 | L45: 4 | M45: 0 | N45: 0 | O45: 0 | P45: 1 | Q45: 1 | R45: 0 | S45: 0 | T45: 0 | U45: 0 | V45: 0 | W45: 2 | X45: 0 | Y45: 1 | Z45: NA | AA45: male
A46: 800161 | B46: NA | C46: 1 | D46: 10 | E46: 5 | F46: 5 | G46: 5 | H46: 5 | I46: 1 | J46: 2 | K46: 5 | L46: 4 | M46: 0 | N46: 0 | O46: 0 | P46: 0 | Q46: 0 | R46: 1 | S46: 1 | T46: 0 | U46: 0 | V46: 2 | W46: 0 | X46: 1 | Y46: 1 | Z46: NA | AA46: male
A47: 800168 | B47: NA | C47: 1 | D47: 9 | E47: NA | F47: 4 | G47: 5 | H47: 5 | I47: 5 | J47: 5 | K47: 4 | L47: 5 | M47: 0 | N47: NA | O47: 0 | P47: 0 | Q47: 0 | R47: 0 | S47: 0 | T47: 0 | U47: 0 | V47: 0 | W47: NA | X47: 0 | Y47: NA | Z47: NA | AA47: male
A48: 800173 | B48: NA | C48: 1 | D48: 9 | E48: 4 | F48: 4 | G48: 3 | H48: 5 | I48: 5 | J48: 4 | K48: 3 | L48: 2 | M48: 0 | N48: 0 | O48: 0 | P48: 0 | Q48: 0 | R48: 0 | S48: 0 | T48: 0 | U48: 1 | V48: 1 | W48: 0 | X48: 0 | Y48: 0 | Z48: NA | AA48: male
A49: 800178 | B49: NA | C49: 1 | D49: NA | E49: NA | F49: NA | G49: NA | H49: NA | I49: NA | J49: NA | K49: NA | L49: NA | M49: NA | N49: NA | O49: NA | P49: NA | Q49: NA | R49: NA | S49: NA | T49: NA | U49: NA | V49: NA | W49: NA | X49: NA | Y49: NA | Z49: NA | AA49: male
A50: 800181 | B50: NA | C50: 1 | D50: 8 | E50: 5 | F50: 5 | G50: 4 | H50: 5 | I50: 5 | J50: 5 | K50: 5 | L50: 2 | M50: 0 | N50: 0 | O50: 0 | P50: 0 | Q50: 0 | R50: 0 | S50: 0 | T50: 0 | U50: 1 | V50: 1 | W50: 0 | X50: 0 | Y50: 0 | Z50: NA | AA50: male
A51: 800187 | B51: NA | C51: 1 | D51: 6 | E51: 2 | F51: 3 | G51: 2 | H51: 2 | I51: 1 | J51: 1 | K51: 1 | L51: 2 | M51: 0 | N51: 1 | O51: 0 | P51: 1 | Q51: 1 | R51: 1 | S51: 1 | T51: 1 | U51: 1 | V51: 4 | W51: 3 | X51: 1 | Y51: 1 | Z51: NA | AA51: male
A52: 800191 | B52: NA | C52: 1 | D52: 10 | E52: 3 | F52: 4 | G52: 4 | H52: 5 | I52: 5 | J52: 4 | K52: 4 | L52: 1 | M52: 0 | N52: 0 | O52: 0 | P52: 0 | Q52: 0 | R52: 0 | S52: 0 | T52: 0 | U52: 1 | V52: 1 | W52: 0 | X52: 0 | Y52: 0 | Z52: NA | AA52: male
A53: 800193 | B53: NA | C53: 1 | D53: 6 | E53: 5 | F53: 5 | G53: 5 | H53: 5 | I53: 5 | J53: 5 | K53: 4 | L53: 5 | M53: 0 | N53: 0 | O53: 0 | P53: 0 | Q53: 0 | R53: 0 | S53: 0 | T53: 0 | U53: 0 | V53: 0 | W53: 0 | X53: 0 | Y53: 0 | Z53: NA | AA53: male
A54: 800196 | B54: NA | C54: 1 | D54: 10 | E54: 5 | F54: 5 | G54: 5 | H54: 5 | I54: 4 | J54: 4 | K54: 4 | L54: 5 | M54: 0 | N54: 0 | O54: 0 | P54: 0 | Q54: 0 | R54: 0 | S54: 0 | T54: 0 | U54: 0 | V54: 0 | W54: 0 | X54: 0 | Y54: 0 | Z54: NA | AA54: male
A55: 800198 | B55: NA | C55: 1 | D55: 4 | E55: 2 | F55: 4 | G55: 5 | H55: 5 | I55: 3 | J55: 5 | K55: 2 | L55: 2 | M55: 1 | N55: 1 | O55: 0 | P55: 0 | Q55: 0 | R55: 0 | S55: 0 | T55: 1 | U55: 1 | V55: 2 | W55: 1 | X55: 1 | Y55: 1 | Z55: NA | AA55: male
A56: 800199 | B56: NA | C56: 1 | D56: 3 | E56: 3 | F56: 2 | G56: 2 | H56: 4 | I56: 1 | J56: 3 | K56: 1 | L56: 2 | M56: 1 | N56: 0 | O56: 1 | P56: 1 | Q56: 0 | R56: 1 | S56: 0 | T56: 1 | U56: 1 | V56: 3 | W56: 2 | X56: 1 | Y56: 1 | Z56: NA | AA56: male
A57: 800203 | B57: NA | C57: 1 | D57: 7 | E57: 2 | F57: 2 | G57: 1 | H57: 4 | I57: 5 | J57: 5 | K57: 3 | L57: 1 | M57: 0 | N57: 1 | O57: 1 | P57: 1 | Q57: 0 | R57: 0 | S57: 0 | T57: 0 | U57: 1 | V57: 1 | W57: 3 | X57: 0 | Y57: 1 | Z57: NA | AA57: male
A58: 800209 | B58: NA | C58: 1 | D58: NA | E58: 2 | F58: 2 | G58: 5 | H58: 2 | I58: 5 | J58: 4 | K58: 2 | L58: 2 | M58: NA | N58: 1 | O58: 1 | P58: 0 | Q58: 1 | R58: 0 | S58: 0 | T58: 1 | U58: 1 | V58: 2 | W58: 3 | X58: 1 | Y58: 1 | Z58: NA | AA58: male
A59: 800210 | B59: NA | C59: 1 | D59: 10 | E59: 5 | F59: 5 | G59: 5 | H59: 5 | I59: 5 | J59: 5 | K59: 5 | L59: 5 | M59: 0 | N59: 0 | O59: 0 | P59: 0 | Q59: 0 | R59: 0 | S59: 0 | T59: 0 | U59: 0 | V59: 0 | W59: 0 | X59: 0 | Y59: 0 | Z59: NA | AA59: male
A60: 800212 | B60: NA | C60: 1 | D60: 9 | E60: 4 | F60: 4 | G60: 5 | H60: 5 | I60: 5 | J60: 4 | K60: 3 | L60: 5 | M60: 0 | N60: 0 | O60: 0 | P60: 0 | Q60: 0 | R60: 0 | S60: 0 | T60: 0 | U60: 0 | V60: 0 | W60: 0 | X60: 0 | Y60: 0 | Z60: NA | AA60: male
A61: 800214 | B61: NA | C61: 1 | D61: 10 | E61: 5 | F61: 5 | G61: 2 | H61: 5 | I61: 5 | J61: 4 | K61: 4 | L61: 3 | M61: 0 | N61: 0 | O61: 0 | P61: 1 | Q61: 0 | R61: 0 | S61: 0 | T61: 0 | U61: 0 | V61: 0 | W61: 1 | X61: 0 | Y61: 0 | Z61: NA | AA61: male
A62: 800222 | B62: NA | C62: 1 | D62: 9 | E62: 5 | F62: 5 | G62: 4 | H62: 5 | I62: 5 | J62: 2 | K62: 4 | L62: 3 | M62: 0 | N62: 0 | O62: 0 | P62: 0 | Q62: 0 | R62: 0 | S62: 1 | T62: 0 | U62: 0 | V62: 1 | W62: 0 | X62: 0 | Y62: 0 | Z62: NA | AA62: male
A63: 800225 | B63: NA | C63: 1 | D63: 9 | E63: 3 | F63: 4 | G63: 5 | H63: 5 | I63: 5 | J63: 2 | K63: 5 | L63: 4 | M63: 0 | N63: 0 | O63: 0 | P63: 0 | Q63: 0 | R63: 0 | S63: 1 | T63: 0 | U63: 0 | V63: 1 | W63: 0 | X63: 0 | Y63: 0 | Z63: NA | AA63: male
A64: 800237 | B64: NA | C64: 1 | D64: 3 | E64: 5 | F64: 5 | G64: 5 | H64: 5 | I64: 3 | J64: 4 | K64: 2 | L64: 1 | M64: 1 | N64: 0 | O64: 0 | P64: 0 | Q64: 0 | R64: 0 | S64: 0 | T64: 1 | U64: 1 | V64: 2 | W64: 0 | X64: 1 | Y64: 1 | Z64: NA | AA64: male
A65: 800241 | B65: NA | C65: 1 | D65: NA | E65: NA | F65: NA | G65: NA | H65: NA | I65: NA | J65: NA | K65: NA | L65: NA | M65: NA | N65: NA | O65: NA | P65: NA | Q65: NA | R65: NA | S65: NA | T65: NA | U65: NA | V65: NA | W65: NA | X65: NA | Y65: NA | Z65: NA | AA65: male
A66: 800244 | B66: NA | C66: 1 | D66: 8 | E66: 5 | F66: 5 | G66: 3 | H66: 5 | I66: 3 | J66: 4 | K66: 4 | L66: 5 | M66: 0 | N66: 0 | O66: 0 | P66: 0 | Q66: 0 | R66: 0 | S66: 0 | T66: 0 | U66: 0 | V66: 0 | W66: 0 | X66: 0 | Y66: 0 | Z66: NA | AA66: male
A67: 800253 | B67: NA | C67: 1 | D67: 7 | E67: 4 | F67: 5 | G67: 5 | H67: 5 | I67: 5 | J67: 5 | K67: 5 | L67: 5 | M67: 0 | N67: 0 | O67: 0 | P67: 0 | Q67: 0 | R67: 0 | S67: 0 | T67: 0 | U67: 0 | V67: 0 | W67: 0 | X67: 0 | Y67: 0 | Z67: NA | AA67: male
A68: 800257 | B68: NA | C68: 1 | D68: 8 | E68: 1 | F68: 1 | G68: 1 | H68: 1 | I68: 1 | J68: 1 | K68: 2 | L68: 1 | M68: 0 | N68: 1 | O68: 1 | P68: 1 | Q68: 1 | R68: 1 | S68: 1 | T68: 1 | U68: 1 | V68: 4 | W68: 4 | X68: 1 | Y68: 1 | Z68: NA | AA68: male
A69: 800258 | B69: NA | C69: 1 | D69: 9 | E69: 5 | F69: 4 | G69: 1 | H69: 5 | I69: 4 | J69: 5 | K69: 4 | L69: 3 | M69: 0 | N69: 0 | O69: 0 | P69: 1 | Q69: 0 | R69: 0 | S69: 0 | T69: 0 | U69: 0 | V69: 0 | W69: 1 | X69: 0 | Y69: 0 | Z69: NA | AA69: male
A70: 800259 | B70: NA | C70: 1 | D70: 8 | E70: 1 | F70: 2 | G70: 5 | H70: 4 | I70: 2 | J70: 5 | K70: 1 | L70: 1 | M70: 0 | N70: 1 | O70: 1 | P70: 0 | Q70: 0 | R70: 1 | S70: 0 | T70: 1 | U70: 1 | V70: 3 | W70: 2 | X70: 1 | Y70: 1 | Z70: NA | AA70: male
A71: 800263 | B71: NA | C71: 1 | D71: 9 | E71: 5 | F71: 4 | G71: 5 | H71: 5 | I71: 4 | J71: 5 | K71: 1 | L71: 1 | M71: 0 | N71: 0 | O71: 0 | P71: 0 | Q71: 0 | R71: 0 | S71: 0 | T71: 1 | U71: 1 | V71: 2 | W71: 0 | X71: 1 | Y71: 1 | Z71: NA | AA71: male
A72: 800264 | B72: NA | C72: 1 | D72: 8 | E72: 5 | F72: 5 | G72: 5 | H72: 5 | I72: 5 | J72: 5 | K72: 5 | L72: 4 | M72: 0 | N72: 0 | O72: 0 | P72: 0 | Q72: 0 | R72: 0 | S72: 0 | T72: 0 | U72: 0 | V72: 0 | W72: 0 | X72: 0 | Y72: 0 | Z72: NA | AA72: male
A73: 800266 | B73: NA | C73: 1 | D73: 8 | E73: 5 | F73: 5 | G73: 5 | H73: 5 | I73: 5 | J73: 5 | K73: 5 | L73: 5 | M73: 0 | N73: 0 | O73: 0 | P73: 0 | Q73: 0 | R73: 0 | S73: 0 | T73: 0 | U73: 0 | V73: 0 | W73: 0 | X73: 0 | Y73: 0 | Z73: NA | AA73: male
A74: 800267 | B74: NA | C74: 1 | D74: 10 | E74: 2 | F74: 4 | G74: 1 | H74: 3 | I74: 4 | J74: 3 | K74: 2 | L74: 2 | M74: 0 | N74: 1 | O74: 0 | P74: 1 | Q74: 0 | R74: 0 | S74: 0 | T74: 1 | U74: 1 | V74: 2 | W74: 2 | X74: 1 | Y74: 1 | Z74: NA | AA74: male
A75: 800269 | B75: NA | C75: 1 | D75: 9 | E75: 5 | F75: 5 | G75: 3 | H75: 5 | I75: 4 | J75: 3 | K75: 5 | L75: 5 | M75: 0 | N75: 0 | O75: 0 | P75: 0 | Q75: 0 | R75: 0 | S75: 0 | T75: 0 | U75: 0 | V75: 0 | W75: 0 | X75: 0 | Y75: 0 | Z75: NA | AA75: male
A76: 800270 | B76: NA | C76: 1 | D76: 8 | E76: 4 | F76: 4 | G76: 3 | H76: 5 | I76: 5 | J76: 5 | K76: 5 | L76: 1 | M76: 0 | N76: 0 | O76: 0 | P76: 0 | Q76: 0 | R76: 0 | S76: 0 | T76: 0 | U76: 1 | V76: 1 | W76: 0 | X76: 0 | Y76: 0 | Z76: NA | AA76: male
A77: 800280 | B77: NA | C77: 1 | D77: 7 | E77: 5 | F77: 5 | G77: 5 | H77: 5 | I77: 5 | J77: 4 | K77: 5 | L77: 5 | M77: 0 | N77: 0 | O77: 0 | P77: 0 | Q77: 0 | R77: 0 | S77: 0 | T77: 0 | U77: 0 | V77: 0 | W77: 0 | X77: 0 | Y77: 0 | Z77: NA | AA77: male
A78: 800281 | B78: NA | C78: 1 | D78: 10 | E78: 5 | F78: 5 | G78: 2 | H78: 1 | I78: 5 | J78: 4 | K78: 5 | L78: 5 | M78: 0 | N78: 0 | O78: 0 | P78: 1 | Q78: 1 | R78: 0 | S78: 0 | T78: 0 | U78: 0 | V78: 0 | W78: 2 | X78: 0 | Y78: 1 | Z78: NA | AA78: male
A79: 800284 | B79: NA | C79: 1 | D79: 9 | E79: NA | F79: NA | G79: NA | H79: NA | I79: NA | J79: NA | K79: NA | L79: NA | M79: 0 | N79: NA | O79: NA | P79: NA | Q79: NA | R79: NA | S79: NA | T79: NA | U79: NA | V79: NA | W79: NA | X79: NA | Y79: NA | Z79: NA | AA79: male
A80: 800286 | B80: NA | C80: 1 | D80: 8 | E80: 5 | F80: 5 | G80: 4 | H80: 4 | I80: 5 | J80: 5 | K80: 4 | L80: 5 | M80: 0 | N80: 0 | O80: 0 | P80: 0 | Q80: 0 | R80: 0 | S80: 0 | T80: 0 | U80: 0 | V80: 0 | W80: 0 | X80: 0 | Y80: 0 | Z80: NA | AA80: male
A81: 800289 | B81: NA | C81: 1 | D81: 5 | E81: 5 | F81: 4 | G81: 5 | H81: 5 | I81: 1 | J81: 1 | K81: 2 | L81: 5 | M81: 1 | N81: 0 | O81: 0 | P81: 0 | Q81: 0 | R81: 1 | S81: 1 | T81: 1 | U81: 0 | V81: 3 | W81: 0 | X81: 1 | Y81: 1 | Z81: NA | AA81: male
A82: 800290 | B82: NA | C82: 1 | D82: 5 | E82: 5 | F82: 5 | G82: 5 | H82: 5 | I82: 4 | J82: 3 | K82: 4 | L82: 1 | M82: 1 | N82: 0 | O82: 0 | P82: 0 | Q82: 0 | R82: 0 | S82: 0 | T82: 0 | U82: 1 | V82: 1 | W82: 0 | X82: 0 | Y82: 0 | Z82: NA | AA82: male
A83: 800295 | B83: NA | C83: 1 | D83: 8 | E83: 4 | F83: 5 | G83: 5 | H83: 4 | I83: 4 | J83: 4 | K83: 2 | L83: 5 | M83: 0 | N83: 0 | O83: 0 | P83: 0 | Q83: 0 | R83: 0 | S83: 0 | T83: 1 | U83: 0 | V83: 1 | W83: 0 | X83: 0 | Y83: 0 | Z83: NA | AA83: male
A84: 800297 | B84: NA | C84: 1 | D84: 9 | E84: 4 | F84: 5 | G84: 5 | H84: 5 | I84: 5 | J84: 5 | K84: 5 | L84: 5 | M84: 0 | N84: 0 | O84: 0 | P84: 0 | Q84: 0 | R84: 0 | S84: 0 | T84: 0 | U84: 0 | V84: 0 | W84: 0 | X84: 0 | Y84: 0 | Z84: NA | AA84: male
A85: 800302 | B85: NA | C85: 1 | D85: 7 | E85: 4 | F85: 5 | G85: 3 | H85: 5 | I85: 5 | J85: 2 | K85: 5 | L85: 1 | M85: 0 | N85: 0 | O85: 0 | P85: 0 | Q85: 0 | R85: 0 | S85: 1 | T85: 0 | U85: 1 | V85: 2 | W85: 0 | X85: 1 | Y85: 1 | Z85: NA | AA85: male
A86: 800304 | B86: NA | C86: 1 | D86: 10 | E86: 5 | F86: 5 | G86: 5 | H86: 5 | I86: 5 | J86: 5 | K86: 5 | L86: 5 | M86: 0 | N86: 0 | O86: 0 | P86: 0 | Q86: 0 | R86: 0 | S86: 0 | T86: 0 | U86: 0 | V86: 0 | W86: 0 | X86: 0 | Y86: 0 | Z86: NA | AA86: male
A87: 800309 | B87: NA | C87: 1 | D87: 8 | E87: 5 | F87: 5 | G87: 1 | H87: 5 | I87: 4 | J87: 2 | K87: 5 | L87: 1 | M87: 0 | N87: 0 | O87: 0 | P87: 1 | Q87: 0 | R87: 0 | S87: 1 | T87: 0 | U87: 1 | V87: 2 | W87: 1 | X87: 1 | Y87: 1 | Z87: NA | AA87: male
A88: 800310 | B88: NA | C88: 1 | D88: 6 | E88: 5 | F88: 5 | G88: 5 | H88: 5 | I88: 4 | J88: 5 | K88: 1 | L88: 5 | M88: 0 | N88: 0 | O88: 0 | P88: 0 | Q88: 0 | R88: 0 | S88: 0 | T88: 1 | U88: 0 | V88: 1 | W88: 0 | X88: 0 | Y88: 0 | Z88: NA | AA88: male
A89: 803017 | B89: 1 | C89: 1 | D89: 5 | E89: 1 | F89: NA | G89: NA | H89: NA | I89: NA | J89: NA | K89: NA | L89: 1 | M89: 1 | N89: 1 | O89: NA | P89: NA | Q89: NA | R89: NA | S89: NA | T89: NA | U89: 1 | V89: NA | W89: NA | X89: NA | Y89: NA | Z89: 11 | AA89: male
A90: 803020 | B90: 1 | C90: 1 | D90: 7 | E90: 5 | F90: 5 | G90: 5 | H90: 5 | I90: 5 | J90: 5 | K90: 5 | L90: 5 | M90: 0 | N90: 0 | O90: 0 | P90: 0 | Q90: 0 | R90: 0 | S90: 0 | T90: 0 | U90: 0 | V90: 0 | W90: 0 | X90: 0 | Y90: 0 | Z90: 11 | AA90: male
A91: 803543 | B91: 1 | C91: 1 | D91: 7 | E91: 5 | F91: 5 | G91: 5 | H91: 5 | I91: 4 | J91: 4 | K91: 4 | L91: 3 | M91: 0 | N91: 0 | O91: 0 | P91: 0 | Q91: 0 | R91: 0 | S91: 0 | T91: 0 | U91: 0 | V91: 0 | W91: 0 | X91: 0 | Y91: 0 | Z91: 11 | AA91: male
A92: 804975 | B92: 1 | C92: 1 | D92: 4 | E92: 5 | F92: 5 | G92: 4 | H92: 5 | I92: 3 | J92: 3 | K92: 2 | L92: 1 | M92: 1 | N92: 0 | O92: 0 | P92: 0 | Q92: 0 | R92: 0 | S92: 0 | T92: 1 | U92: 1 | V92: 2 | W92: 0 | X92: 1 | Y92: 1 | Z92: 11 | AA92: male
A93: 803012 | B93: 1 | C93: 1 | D93: 9 | E93: 4 | F93: 4 | G93: 3 | H93: 5 | I93: 5 | J93: 5 | K93: 4 | L93: 4 | M93: 0 | N93: 0 | O93: 0 | P93: 0 | Q93: 0 | R93: 0 | S93: 0 | T93: 0 | U93: 0 | V93: 0 | W93: 0 | X93: 0 | Y93: 0 | Z93: 11 | AA93: male
A94: 803016 | B94: 1 | C94: 1 | D94: 8 | E94: 4 | F94: 4 | G94: 5 | H94: 5 | I94: 5 | J94: 5 | K94: 4 | L94: 5 | M94: 0 | N94: 0 | O94: 0 | P94: 0 | Q94: 0 | R94: 0 | S94: 0 | T94: 0 | U94: 0 | V94: 0 | W94: 0 | X94: 0 | Y94: 0 | Z94: 11 | AA94: male
A95: 800872 | B95: 1 | C95: 1 | D95: 9 | E95: 4 | F95: 4 | G95: 5 | H95: 5 | I95: 5 | J95: 5 | K95: 4 | L95: 1 | M95: 0 | N95: 0 | O95: 0 | P95: 0 | Q95: 0 | R95: 0 | S95: 0 | T95: 0 | U95: 1 | V95: 1 | W95: 0 | X95: 0 | Y95: 0 | Z95: 11 | AA95: male
A96: 800504 | B96: 1 | C96: 1 | D96: 8 | E96: 5 | F96: 5 | G96: 5 | H96: 5 | I96: 5 | J96: 5 | K96: 4 | L96: 5 | M96: 0 | N96: 0 | O96: 0 | P96: 0 | Q96: 0 | R96: 0 | S96: 0 | T96: 0 | U96: 0 | V96: 0 | W96: 0 | X96: 0 | Y96: 0 | Z96: 11 | AA96: male
A97: 800534 | B97: 1 | C97: 1 | D97: 8 | E97: 5 | F97: 4 | G97: 5 | H97: 5 | I97: 5 | J97: 5 | K97: 4 | L97: 3 | M97: 0 | N97: 0 | O97: 0 | P97: 0 | Q97: 0 | R97: 0 | S97: 0 | T97: 0 | U97: 0 | V97: 0 | W97: 0 | X97: 0 | Y97: 0 | Z97: 11 | AA97: male
A98: 800684 | B98: 1 | C98: 1 | D98: 7 | E98: 5 | F98: 5 | G98: 5 | H98: 5 | I98: 4 | J98: 4 | K98: 3 | L98: 5 | M98: 0 | N98: 0 | O98: 0 | P98: 0 | Q98: 0 | R98: 0 | S98: 0 | T98: 0 | U98: 0 | V98: 0 | W98: 0 | X98: 0 | Y98: 0 | Z98: 11 | AA98: male
A99: 800685 | B99: 1 | C99: 1 | D99: 8 | E99: 5 | F99: 4 | G99: 4 | H99: 5 | I99: 4 | J99: 4 | K99: 4 | L99: 5 | M99: 0 | N99: 0 | O99: 0 | P99: 0 | Q99: 0 | R99: 0 | S99: 0 | T99: 0 | U99: 0 | V99: 0 | W99: 0 | X99: 0 | Y99: 0 | Z99: 11 | AA99: male
A100: 800871 | B100: 1 | C100: 1 | D100: 9 | E100: 2 | F100: 1 | G100: 5 | H100: 4 | I100: 4 | J100: 4 | K100: 1 | L100: 3 | M100: 0 | N100: 1 | O100: 1 | P100: 0 | Q100: 0 | R100: 0 | S100: 0 | T100: 1 | U100: 0 | V100: 1 | W100: 2 | X100: 0 | Y100: 1 | Z100: 11 | AA100: male
...
